{
  "model_type": "Neural Network",
  "training_date": "2025-11-23T15:06:49.593301",
  "training_samples": 52896,
  "validation_samples": 17632,
  "test_samples": 17633,
  "num_features": 15,
  "feature_columns": [
    "workload_type_encoded",
    "payload_size_kb",
    "time_window_encoded",
    "load_pattern_encoded",
    "hour_of_day",
    "is_weekend",
    "lambda_memory_limit_mb",
    "payload_squared",
    "payload_log",
    "payload_workload_interaction",
    "payload_hour_interaction",
    "payload_time_window_interaction",
    "workload_time_window_interaction",
    "payload_load_pattern_interaction",
    "time_window_load_pattern_interaction"
  ],
  "performance": {
    "train_accuracy": 0.6990131578947368,
    "val_accuracy": 0.6975385662431942,
    "test_accuracy": 0.6958543639766347,
    "precision": 0.7435753292643752,
    "recall": 0.8101321200454983,
    "f1_score": 0.7754281646497215,
    "roc_auc": 0.7021248036612554,
    "train_test_gap": 0.003158793918102143
  },
  "model_config": "{'activation': 'relu', 'alpha': 0.0001, 'batch_size': 'auto', 'beta_1': 0.9, 'beta_2': 0.999, 'early_stopping': True, 'epsilon': 1e-08, 'hidden_layer_sizes': (64, 32, 16), 'learning_rate': 'constant', 'learning_rate_init': 0.001, 'max_fun': 15000, 'max_iter': 500, 'momentum': 0.9, 'n_iter_no_change': 10, 'nesterovs_momentum': True, 'power_t': 0.5, 'random_state': 42, 'shuffle': True, 'solver': 'adam', 'tol': 0.0001, 'validation_fraction': 0.1, 'verbose': False, 'warm_start': False}",
  "target_variable": "balanced_optimal",
  "class_labels": {
    "0": "ECS",
    "1": "Lambda"
  }
}